name,long,lat
45,103.9084917,1.4007347
47,103.9074732,1.4012439
80,103.9159556,1.4017677
82,103.9162586,1.4016849
84,103.9165819,1.4013841
86,103.9169432,1.4012877
88,103.9167378,1.4009267
90,103.9165299,1.4006172
92,103.9162965,1.4002986
174,103.9103319,1.3967478
175,103.9086496,1.3981717
178,103.9085474,1.3994169
180,103.9092497,1.3985678
181,103.9090922,1.3992552
182,103.9094495,1.3990119
183,103.9097461,1.3987708
184,103.910081,1.3984784
185,103.9103279,1.3981716
186,103.9111127,1.39876
187,103.9108446,1.3990097
188,103.910452,1.3990866
190,103.9100674,1.3993496
191,103.9098027,1.3996205
192,103.909533,1.3998901
193,103.9089278,1.3999259
194,103.9065,1.40207
196,103.9071814,1.3993274
199,103.905967,1.4002318
293,103.9049597,1.4031741
294,103.9046769,1.4026872
295,103.9048642,1.4020047
296,103.905299,1.4016979
297,103.9054975,1.4022883
298,103.9056626,1.4026126
299,103.905336,1.4027949
301,103.9061298,1.4037205
602,103.9072887,1.4032471
603,103.9079335,1.4039134
614,103.9096363,1.4033493
616,103.9117,1.40216
623,103.9120554,1.40014
635,103.91348,1.40094
101C,103.906639,1.3982008
102B,103.9054186,1.3991869
110D,103.9103578,1.3951325
172A,103.9115639,1.3953757
173A,103.9095136,1.397021
173B,103.9100374,1.396617
173C,103.9104557,1.3962822
173D,103.9109211,1.396026
174A,103.911204,1.3964385
174B,103.9108217,1.3967282
174C,103.910408,1.3970693
174D,103.9099662,1.3973846
175A,103.9090031,1.3975311
175B,103.9085954,1.3978542
175C,103.908186,1.3982009
175D,103.9079268,1.3985234
176A,103.90818,1.3989536
176B,103.9085226,1.3986619
176C,103.9089321,1.3983152
176D,103.909464,1.3979205
195A,103.906155,1.4015477
195B,103.9064562,1.4013909
195C,103.9067959,1.4011137
195D,103.907,1.4015
195E,103.907216,1.4017904
196A,103.9067812,1.3993331
196B,103.90718,1.3990295
196C,103.9075593,1.3994049
196D,103.9073405,1.3996573
197A,103.9069178,1.3998605
197B,103.9065877,1.400119
199A,103.9062074,1.3997913
199B,103.9057885,1.4000805
199C,103.9058967,1.4006721
199D,103.9062763,1.4004645
272C,103.9000408,1.4029164
273A,103.9021262,1.4022774
273B,103.9017853,1.4020322
273C,103.9013801,1.402237
273D,103.9014705,1.4026282
274A,103.9023674,1.4027227
274B,103.9024316,1.4031224
274C,103.901966,1.4033607
274D,103.9017219,1.4031046
288A,103.9031576,1.4023171
288B,103.9032946,1.4027295
288C,103.9036849,1.4025151
289A,103.9027319,1.4015669
289B,103.9032363,1.4012905
289C,103.9034807,1.4016541
289D,103.9036292,1.4020506
298D,103.9036292,1.4020506
301A,103.9062753,1.404157
301B,103.9058892,1.4042851
301C,103.9056415,1.4044227
301D,103.9053593,1.4045565
302A,103.9044019,1.4045119
302B,103.9047562,1.404406
302C,103.9048829,1.4048249
302D,103.90512,1.4046918
303A,103.9057605,1.403809
303B,103.9055183,1.4039404
303C,103.9052954,1.404078
303D,103.9050009,1.4042685
305A,103.9067226,1.4052051
305B,103.9063854,1.4053774
305D,103.9069365,1.4057889
306A,103.9054158,1.4061209
306B,103.9059333,1.405853
306C,103.9060078,1.406426
306D,103.9064785,1.4061131
53 The Amore,103.91308,1.39901
53A The Amore,103.91287,1.39875
55 The Amore,103.91258,1.3989
55A,103.91228,1.39913
55A The Amore,103.91228,1.39913
57A The Amore,103.91283,1.39927
601A,103.90759,1.4024859
601B,103.9078997,1.4022784
601C,103.9080352,1.4027727
601D,103.907682,1.4029774
602A,103.9070327,1.4034755
602B,103.9068768,1.4030339
602C,103.9071823,1.4028063
603A,103.9084722,1.4035487
603B,103.9082131,1.4031873
603C,103.907916,1.4034137
604A,103.9074102,1.4042647
604B,103.9072235,1.4039018
604C,103.9075724,1.4036773
612A,103.9092016,1.4042576
612B,103.9081374,1.4049451
612C,103.907831,1.4051606
612D,103.9076175,1.4047463
613A,103.9079211,1.404527
613B,103.9082461,1.4043172
613C,103.9085458,1.404103
613D,103.9088781,1.4038749
614A,103.9092319,1.4036136
614B,103.9100811,1.403051
615A,103.9095691,1.4040051
615B,103.9099181,1.4037658
615C,103.9102826,1.4034879
617A,103.9118418,1.4023895
617B,103.9121958,1.4021312
617C,103.9125034,1.4019209
617D,103.9128405,1.4016874
618A,103.9125063,1.4011885
618B,103.912109,1.4014694
618C,103.9118562,1.401654
618D,103.9114643,1.4019137
619A,103.911458,1.402659
619B,103.9110484,1.4029488
619C,103.9106922,1.4024585
619D,103.9110754,1.4021894
621A,103.9098981,1.4010684
621B,103.910104,1.4013871
622A,103.9110567,1.4000377
622B,103.9107255,1.4002983
622C,103.9108095,1.4007194
622D,103.91046,1.40048
623A,103.9119724,1.3998609
623B,103.9118215,1.3994688
623C,103.9114497,1.3997381
624A,103.911349,1.4008568
624B,103.9116958,1.4007435
624C,103.9120551,1.4004795
632A,103.9133537,1.4006976
632B,103.9131451,1.4008386
632C,103.912972,1.4009758
633A,103.9131942,1.4013413
633B,103.9134116,1.4011994
635A,103.913744,1.4009294
635B,103.9139545,1.4007874
635C,103.9142004,1.4006393
636A,103.913923,1.4002871
636B,103.913761,1.4004204
638A,103.9148571,1.4001173
679A,103.9082727,1.4059557
65251,103.90276,1.40514
Aft Punggol Ctrl (65181),103.91755,1.3968139
Aft Punggol Dr (65489),103.9056935,1.4081396
Aft Punggol Field (65529),103.9142797,1.3914883
Aft Punggol Pt Stn (65631),103.90552,1.4172
Aft Punggol Rd (65199),103.9055001,1.3959978
Aft Punggol Rd (65209),103.9038676,1.4003315
Aft Sumang Lane (65549),103.8910307,1.4035039
Aft TPE (65439),103.8963115,1.4017197
Aft Track 22 (65129),103.9098961,1.4185387
Bef Blk 264 (65409),103.899574,1.406245
Bef Punggol Ctrl (65189),103.91793,1.396827
Bef Punggol Dr (65481),103.90887,1.40763
Bef Punggol Pt Stn (65639),103.90559,1.41746
Bef Punggol Rd (65191),103.9055001,1.3959978
Bef Sumang Lane (65541),103.8912351,1.4035469
Bet Blks 187/188 (65279),103.9109875,1.3993093
Blk 102C (65079),103.9047796,1.3988936
Blk 162B (65269),103.9149239,1.3964771
Blk 178 (65249),103.9082822,1.3995595
Blk 196C (65241),103.9076522,1.3990941
Blk 218 (65571),103.8955797,1.4034253
Blk 224A Bus Stop (65539),103.893714,1.4022195
Blk 226A (65531),103.8935666,1.402367
Blk 227A (65551),103.8934202,1.4037635
Blk 258A (65579),103.8959034,1.4035623
Blk 259 Carpark (65499),103.8950751,1.404596
Blk 268C (65339),103.8981118,1.4031893
Blk 272C (65349),103.9006432,1.4022889
Blk 298 (65229),103.9055521,1.4032091
Blk 301A (65091),103.9065771,1.4040152
Blk 303D (65221),103.9048174,1.4040774
Blk 310B (65469),103.9011984,1.4097733
Blk 312 CP (65461),103.90135,1.40988
Blk 315B (65449),103.8959875,1.4080168
Blk 322 Carpark (65451),103.8975557,1.4107318
Blk 604A (65099),103.9071851,1.404533
Blk 649 (65261),103.9146038,1.3971462
Blk 661A (65379),103.9163,1.4028
Blk 670A (65399),103.9126284,1.4058029
Blk 672A (65391),103.9124459,1.4059501
Blk 682A (65371),103.9161895,1.4029162
Coral Edge LRT,103.9125723,1.3939318
Coral Edge Stn Exit A (65179),103.9118997,1.3942822
Coral Edge Stn Exit B (65171),103.9122461,1.3944344
Cove LRT,103.90581,1.39941
Cove Stn Exit A (65159),103.9061631,1.3990411
Cove Stn Exit B (65151),103.9065501,1.3991335
Damai LRT,103.90858,1.40526
Damai Stn Exit A (65309),103.909134,1.404944
Damai Stn Exit B (65301),103.909287,1.4045163
Greendale Pr Sch (65429),103.9120865,1.3967443
Horizon Primary School (65411),103.9138187,1.3994654
Kadaloor LRT,103.9164448,1.399601
Kadaloor Stn Exit A (65329),103.9162493,1.3999112
Kadaloor Stn Exit B (65321),103.9166662,1.3993112
Meridian LRT,103.90888,1.39692
Meridian Stn Exit A (65169),103.910029,1.3958293
Meridian Stn Exit B (65161),103.9098666,1.3963978
Nibong Stn Exit A (65619),103.89998,1.41148
Nibong Stn Exit B (65611),103.90036,1.41134
Oasis LRT,103.9127329,1.4022823
Oasis Stn Exit A (65319),103.9127387,1.402466
Oasis Stn Exit B/Blk 617D (65311),103.9127005,1.4021461
Opp Blk 103A (65071),103.9041539,1.3984929
Opp Blk 188 (65271),103.9106464,1.3999807
Opp Blk 199C (65081),103.9052968,1.4009585
Opp Blk 201A (65201),103.9035672,1.4008806
Opp Blk 227A (65559),103.8924934,1.4040841
Opp Blk 259 Carpark (65491),103.8948119,1.4045728
Opp Blk 264A (65401),103.89871,1.4065689
Opp Blk 268D (65331),103.8986331,1.4026665
Opp Blk 272C (65341),103.900933,1.4017647
Opp Blk 296 (65089),103.9058481,1.4013487
Opp Blk 315B (65441),103.8957547,1.4081914
Opp Blk 322 Carpark (65459),103.8977409,1.4105725
Opp Horizon Pr Sch (65419),103.9139912,1.3994396
Opp Punggol Cove Pr Sch (65679),103.8990257,1.4109443
Opp Punggol Sec/Blk 195E (65289),103.907635,1.401732
Opp Punggol Secondary School (65389),103.9101159,1.4022258
Opp Punggol View Pr Sch (65359),103.9043482,1.4055431
Opp Track 22 (65121),103.9098961,1.4185387
Punggol Cove Pr Sch (65671),103.8986762,1.4113084
Punggol MRT,103.90235,1.40523
Punggol Rd End (65139),103.9104942,1.4211193
Punggol Sec/Blk 601B (65281),103.907859,1.401923
Punggol Secondary School (65381),103.9097855,1.4021363
Punggol Stn/Int (65259),103.9029973,1.4048048
Punggol Temp Int (65009),103.90253,1.40409
Punggol View Pr Sch (65351),103.9048756,1.4059238
Riviera LRT,103.9161538,1.394538
Riviera Stn Exit A (65239),103.916123,1.3942075
Riviera Stn Exit B (65231),103.915795,1.39429
Samudera Stn Exit A (65629),103.90221,1.41612
Samudera Stn Exit B (65621),103.90243,1.41592
Soo Teck Stn (65141),103.8974167,1.4053356
Soo Teck Stn (65149),103.89706,1.4052507
Twin Waterfalls (65431),103.8967454,1.4024184
Waterwoods (65521),103.9128944,1.3903418
Punggol Station (taxi stand),103.9026867,1.4048609
Horizon Pri Sch (65411),103.9138187,1.3994654
Opp Punggol Sec Sch (65389),103.9101159,1.4022258
SPC,103.90912,1.4004
